{
    "timestamp": "20251124",
    "accuracy": 0.765,
    "roc_auc": 0.6879709115612649,
    "classification_report": {
        "0": {
            "precision": 0.8215661103979461,
            "recall": 0.8695652173913043,
            "f1-score": 0.8448844884488449,
            "support": 736.0
        },
        "1": {
            "precision": 0.5656108597285068,
            "recall": 0.4734848484848485,
            "f1-score": 0.5154639175257731,
            "support": 264.0
        },
        "accuracy": 0.765,
        "macro avg": {
            "precision": 0.6935884850632265,
            "recall": 0.6715250329380764,
            "f1-score": 0.680174202987309,
            "support": 1000.0
        },
        "weighted avg": {
            "precision": 0.7539939242212143,
            "recall": 0.765,
            "f1-score": 0.757917457725154,
            "support": 1000.0
        }
    }
}