{
    "timestamp": "20260204",
    "accuracy": 0.993,
    "roc_auc": 0.9997964466264826,
    "log_loss": 0.0177097681841236,
    "classification_report": {
        "0": {
            "precision": 0.9972826086956522,
            "recall": 0.9901079136690647,
            "f1-score": 0.9936823104693141,
            "support": 1112.0
        },
        "1": {
            "precision": 0.9877232142857143,
            "recall": 0.9966216216216216,
            "f1-score": 0.992152466367713,
            "support": 888.0
        },
        "accuracy": 0.993,
        "macro avg": {
            "precision": 0.9925029114906833,
            "recall": 0.9933647676453432,
            "f1-score": 0.9929173884185136,
            "support": 2000.0
        },
        "weighted avg": {
            "precision": 0.9930382375776399,
            "recall": 0.993,
            "f1-score": 0.9930030596882031,
            "support": 2000.0
        }
    }
}