{
    "timestamp": "20260117",
    "accuracy": 0.9905,
    "roc_auc": 0.9997660098522168,
    "log_loss": 0.02062999677986805,
    "classification_report": {
        "0": {
            "precision": 0.9939393939393939,
            "recall": 0.9896551724137931,
            "f1-score": 0.991792656587473,
            "support": 1160.0
        },
        "1": {
            "precision": 0.9857988165680474,
            "recall": 0.9916666666666667,
            "f1-score": 0.9887240356083086,
            "support": 840.0
        },
        "accuracy": 0.9905,
        "macro avg": {
            "precision": 0.9898691052537206,
            "recall": 0.9906609195402298,
            "f1-score": 0.9902583460978908,
            "support": 2000.0
        },
        "weighted avg": {
            "precision": 0.9905203514434283,
            "recall": 0.9905,
            "f1-score": 0.9905038357762239,
            "support": 2000.0
        }
    }
}